Instance,Swaps,Group,Ours,Theirs
5x5_013,0,5 wires,0.0000213,0.086714488
5x5_005,1,5 wires,0.000041,0.118517767
5x5_001,2,5 wires,0.0000915,0.161572703
5x5_003,3,5 wires,0.0000936,0.166043108
5x5_004,3,5 wires,0.00012621,0.16114544
5x5_011,3,5 wires,0.000129006,0.157604107
5x5_014,4,5 wires,0.000276655,0.1943879
5x5_007,5,5 wires,0.000421888,0.222127728
5x5_009,5,5 wires,0.000303302,0.189825834
5x5_012,5,5 wires,0.000360676,0.212053053
5x5_010,6,5 wires,0.000643043,0.246315732
5x5_002,7,5 wires,0.00096693,0.242593925
5x5_006,8,5 wires,0.001617537,0.277336809
5x5_008,8,5 wires,0.001538851,0.249439816
extra_5x5_10-0,10,5 wires,0.001798908,0.265720717
extra_5x5_10-1,10,5 wires,0.000779329,0.055899297
extra_5x5_10-2,10,5 wires,0.002636087,0.258307556
extra_5x5_10-3,10,5 wires,0.00174658,0.292648518
extra_5x5_10-4,10,5 wires,0.001109598,0.058272778
extra_5x5_10-5,10,5 wires,0.002458464,0.26407251
extra_5x5_10-6,10,5 wires,0.000955141,0.053965518
extra_5x5_10-7,10,5 wires,0.001532963,0.057059125
extra_5x5_10-8,10,5 wires,0.000928225,0.055044191
extra_5x5_10-9,10,5 wires,0.002109197,0.281470894
extra_5x5_11-0,11,5 wires,0.005976574,0.261194342
extra_5x5_11-1,11,5 wires,0.005218827,0.281041849
extra_5x5_11-2,11,5 wires,0.002723053,0.310087946
extra_5x5_11-3,11,5 wires,0.003714835,0.26441764
extra_5x5_11-4,11,5 wires,0.003780286,0.30209669
extra_5x5_11-5,11,5 wires,0.003235959,0.260814425
extra_5x5_11-6,11,5 wires,0.006036653,0.258927215
extra_5x5_11-7,11,5 wires,0.001170936,0.061165962
extra_5x5_11-8,11,5 wires,0.003311308,0.297571793
extra_5x5_11-9,11,5 wires,0.001951904,0.285820986
extra_5x5_12-0,12,5 wires,0.006238896,0.355467427
extra_5x5_12-1,12,5 wires,0.002413389,0.319776487
extra_5x5_12-2,12,5 wires,0.005288993,0.361617893
extra_5x5_12-3,12,5 wires,0.006461163,0.353368635
extra_5x5_12-4,12,5 wires,0.006454976,0.320966378
extra_5x5_12-5,12,5 wires,0.001718597,0.069805638
extra_5x5_12-6,12,5 wires,0.001719313,0.068037016
extra_5x5_12-7,12,5 wires,0.004974455,0.305334256
extra_5x5_12-8,12,5 wires,0.004731931,0.305160355
extra_5x5_12-9,12,5 wires,0.002943775,0.09859604
extra_5x5_13-0,13,5 wires,0.00426753,0.361711861
extra_5x5_13-1,13,5 wires,0.007651544,0.358630587
extra_5x5_13-2,13,5 wires,0.004754587,0.412204674
extra_5x5_13-3,13,5 wires,0.006439501,0.35920388
extra_5x5_13-4,13,5 wires,0.008602401,0.32817221
extra_5x5_13-5,13,5 wires,0.004562625,0.392314124
extra_5x5_13-6,13,5 wires,0.007183478,0.498582182
extra_5x5_13-7,13,5 wires,0.008226641,0.361938382
extra_5x5_13-8,13,5 wires,0.00963675,0.358077654
extra_5x5_13-9,13,5 wires,0.00364719,0.078591719
extra_5x5_14-0,14,5 wires,0.011517477,0.449351137
extra_5x5_14-1,14,5 wires,0.003654099,0.074670407
extra_5x5_14-2,14,5 wires,0.009792023,0.461675122
extra_5x5_14-3,14,5 wires,0.016959213,0.460492906
extra_5x5_14-4,14,5 wires,0.011272593,0.437372477
extra_5x5_14-5,14,5 wires,0.003276898,0.060818679
extra_5x5_14-6,14,5 wires,0.004524655,0.12780726
extra_5x5_14-7,14,5 wires,0.002292136,0.144726497
extra_5x5_14-8,14,5 wires,0.010436779,0.60286861
extra_5x5_14-9,14,5 wires,0.02434118,0.712383735
extra_5x5_15-0,15,5 wires,0.000657002,0.056774411
extra_5x5_15-1,15,5 wires,0.013814062,0.547724599
extra_5x5_15-2,15,5 wires,0.011016045,0.556038382
extra_5x5_15-3,15,5 wires,0.007930618,0.517941038
extra_5x5_15-4,15,5 wires,0.011397344,0.653670655
extra_5x5_15-5,15,5 wires,0.011583413,0.581595778
extra_5x5_15-6,15,5 wires,0.003833559,0.171395796
extra_5x5_15-7,15,5 wires,0.025990725,0.823586927
extra_5x5_15-8,15,5 wires,0.004886405,0.085553699
extra_5x5_15-9,15,5 wires,0.000454509,0.054753629
extra_5x5_16-0,16,5 wires,0.009756953,0.98150939
extra_5x5_16-1,16,5 wires,0.011143564,1.126273241
extra_5x5_16-2,16,5 wires,0.014366263,0.712035384
extra_5x5_16-3,16,5 wires,0.017020747,1.928193594
extra_5x5_16-4,16,5 wires,0.004267872,0.609721192
extra_5x5_16-5,16,5 wires,0.014798754,1.29612966
extra_5x5_16-6,16,5 wires,0.004373112,0.393288342
extra_5x5_16-7,16,5 wires,0.00055388,0.055464852
extra_5x5_16-8,16,5 wires,0.024699588,2.489308012
extra_5x5_16-9,16,5 wires,0.015543913,1.498504381
extra_5x5_17-0,17,5 wires,0.03223101,1.515826582
extra_5x5_17-1,17,5 wires,0.039534952,4.938189523
extra_5x5_17-2,17,5 wires,0.005516963,0.550630385
extra_5x5_17-3,17,5 wires,0.028250216,5.612429248
extra_5x5_17-4,17,5 wires,0.019059389,5.28819213
extra_5x5_17-5,17,5 wires,0.055722676,4.014860227
extra_5x5_17-6,17,5 wires,0.031740027,6.205955283
extra_5x5_17-7,17,5 wires,0.028449232,4.714067542
extra_5x5_17-8,17,5 wires,0.03044369,2.513229026
extra_5x5_17-9,17,5 wires,0.022727614,5.389550117
extra_5x5_18-0,18,5 wires,0.021480832,4.782707462
extra_5x5_18-1,18,5 wires,0.022386043,3.651122299
extra_5x5_18-2,18,5 wires,0.041007721,13.23265797
extra_5x5_18-3,18,5 wires,0.09980775,7.46005069
extra_5x5_18-4,18,5 wires,0.057645399,5.244539059
extra_5x5_18-5,18,5 wires,0.03529034,13.63331958
extra_5x5_18-6,18,5 wires,0.028318755,6.064151698
extra_5x5_18-7,18,5 wires,0.013362213,4.814261034
extra_5x5_18-8,18,5 wires,0.033754933,4.118118094
extra_5x5_18-9,18,5 wires,0.108024342,8.964981997
extra_5x5_19-0,19,5 wires,0.056083837,18.6000897
extra_5x5_19-1,19,5 wires,0.064744979,18.04599024
extra_5x5_19-2,19,5 wires,0.056368454,58.98517367
extra_5x5_19-3,19,5 wires,0.002502614,0.11702472
extra_5x5_19-4,19,5 wires,0.030596113,35.15954889
extra_5x5_19-5,19,5 wires,0.006994806,0.445345658
extra_5x5_19-6,19,5 wires,0.104192086,19.06136323
extra_5x5_19-7,19,5 wires,0.019850744,16.13468489
extra_5x5_19-8,19,5 wires,0.006361972,0.08648656
extra_5x5_19-9,19,5 wires,0.02509209,2.211087671
extra_5x5_20-0,20,5 wires,0.016600017,14.5776385
extra_5x5_20-1,20,5 wires,0.056322402,50.33668212
extra_5x5_20-2,20,5 wires,0.088616571,31.05522631
extra_5x5_20-3,20,5 wires,0.014410605,8.610217609
extra_5x5_20-4,20,5 wires,0.039922544,11.14657299
extra_5x5_20-5,20,5 wires,0.050886644,8.715151436
extra_5x5_20-6,20,5 wires,0.048908096,43.865304
extra_5x5_20-7,20,5 wires,0.071671121,39.34632536
extra_5x5_20-8,20,5 wires,0.031679153,39.83919778
extra_5x5_20-9,20,5 wires,0.019424425,9.837999657
extra_5x5_21-0,21,5 wires,0.077662168,60.639311
extra_5x5_21-1,21,5 wires,0.09259387,48.61808441
extra_5x5_21-2,21,5 wires,0.281499788,105.1520681
extra_5x5_21-3,21,5 wires,0.204041786,82.00146393
extra_5x5_21-4,21,5 wires,0.031018753,53.81006142
extra_5x5_21-5,21,5 wires,0.03727697,81.10562988
extra_5x5_21-6,21,5 wires,0.020917429,17.10811778
extra_5x5_21-7,21,5 wires,0.026786149,4.569513477
extra_5x5_21-8,21,5 wires,0.088406081,82.59474359
extra_5x5_21-9,21,5 wires,0.155841582,89.50919076
extra_5x5_22-0,22,5 wires,0.18688993,92.73434527
extra_5x5_22-1,22,5 wires,0.058934571,1138.495317
extra_5x5_22-2,22,5 wires,0.153609909,361.0092283
extra_5x5_22-3,22,5 wires,0.031173067,9.542289664
extra_5x5_22-4,22,5 wires,0.107154825,73.07291416
extra_5x5_22-5,22,5 wires,0.577443855,230.0936747
extra_5x5_22-6,22,5 wires,0.010861309,46.06696038
extra_5x5_22-7,22,5 wires,0.048924236,85.78205492
extra_5x5_22-8,22,5 wires,0.216928823,331.690543
extra_5x5_22-9,22,5 wires,0.071870421,169.4026014
extra_5x5_23-0,23,5 wires,0.094895415,522.511356
extra_5x5_23-1,23,5 wires,0.160870569,1058.535069
extra_5x5_23-2,23,5 wires,0.119480133,3643.957606
extra_5x5_23-3,23,5 wires,0.165053098,227.8178858
extra_5x5_23-4,23,5 wires,0.20574782,55.53755774
extra_5x5_23-5,23,5 wires,0.211594547,6281.233064
extra_5x5_23-6,23,5 wires,0.17505611,1117.700116
extra_5x5_23-7,23,5 wires,0.130728683,458.5400026
extra_5x5_23-8,23,5 wires,0.193743627,1966.171579
extra_5x5_23-9,23,5 wires,0.058276235,3616.008465
extra_5x5_24-0,24,5 wires,0.329544319,896.9414179
extra_5x5_24-1,24,5 wires,0.448502642,718.3717358
extra_5x5_24-2,24,5 wires,0.206779599,1218.654888
extra_5x5_24-3,24,5 wires,0.339943073,1660.546153
extra_5x5_24-4,24,5 wires,0.088341122,2001.59366
extra_5x5_24-5,24,5 wires,0.269345311,2642.616787
extra_5x5_24-6,24,5 wires,0.430607471,1901.162285
extra_5x5_24-7,24,5 wires,0.429456741,2609.027845
extra_5x5_24-8,24,5 wires,0.531366486,1631.963207
extra_5x5_24-9,24,5 wires,0.179965016,771.5892736
extra_5x5_25-0,25,5 wires,1.274911619,1746.888576
extra_5x5_25-1,25,5 wires,0.356465578,3247.529157
extra_5x5_25-2,25,5 wires,0.049621582,
extra_5x5_25-3,25,5 wires,0.027022166,
extra_5x5_25-4,25,5 wires,0.049891611,
extra_5x5_25-5,25,5 wires,0.31723937,
extra_5x5_25-6,25,5 wires,0.260269295,
extra_5x5_25-7,25,5 wires,0.236692187,
extra_5x5_25-8,25,5 wires,0.443384563,
extra_5x5_25-9,25,5 wires,0.385047464,
extra_5x5_26-0,26,5 wires,0.011910141,
extra_5x5_26-1,26,5 wires,0.324231829,
extra_5x5_26-2,26,5 wires,1.435329502,
extra_5x5_26-3,26,5 wires,0.308098907,
extra_5x5_26-4,26,5 wires,0.05640676,
extra_5x5_26-5,26,5 wires,0.595009806,
extra_5x5_26-6,26,5 wires,0.218496173,
extra_5x5_26-7,26,5 wires,1.482626799,
extra_5x5_26-8,26,5 wires,0.322398275,
extra_5x5_26-9,26,5 wires,0.709533146,
extra_5x5_27-0,27,5 wires,0.346286966,
extra_5x5_27-1,27,5 wires,0.161256021,
extra_5x5_27-2,27,5 wires,0.731202708,
extra_5x5_27-3,27,5 wires,0.206477907,
extra_5x5_27-4,27,5 wires,0.529591266,
extra_5x5_27-5,27,5 wires,0.200936981,
extra_5x5_27-6,27,5 wires,0.448857754,
extra_5x5_27-7,27,5 wires,0.52288424,
extra_5x5_27-8,27,5 wires,0.275914125,
extra_5x5_27-9,27,5 wires,0.818930197,
extra_5x5_28-0,28,5 wires,0.277549394,
extra_5x5_28-1,28,5 wires,0.044312818,
extra_5x5_28-2,28,5 wires,0.545489776,
extra_5x5_28-3,28,5 wires,0.777456977,
extra_5x5_28-4,28,5 wires,1.718712827,
extra_5x5_28-5,28,5 wires,0.523893769,
extra_5x5_28-6,28,5 wires,0.320651304,
extra_5x5_28-7,28,5 wires,1.4131261,
extra_5x5_28-8,28,5 wires,1.586765094,
extra_5x5_28-9,28,5 wires,0.3996989,
extra_5x5_29-0,29,5 wires,0.894895056,
extra_5x5_29-1,29,5 wires,2.911205905,
extra_5x5_29-2,29,5 wires,2.466685911,
extra_5x5_29-3,29,5 wires,1.17390726,
extra_5x5_29-4,29,5 wires,0.240034578,
extra_5x5_29-5,29,5 wires,0.457893342,
extra_5x5_29-6,29,5 wires,2.092927027,
extra_5x5_29-7,29,5 wires,0.880879264,
extra_5x5_29-8,29,5 wires,0.220156782,
extra_5x5_29-9,29,5 wires,0.520838703,
extra_5x5_30-0,30,5 wires,2.633366667,
extra_5x5_30-1,30,5 wires,2.477099057,
extra_5x5_30-2,30,5 wires,0.775207394,
extra_5x5_30-3,30,5 wires,0.922428277,
extra_5x5_30-4,30,5 wires,2.470694169,
extra_5x5_30-5,30,5 wires,0.731403818,
extra_5x5_30-6,30,5 wires,3.060284156,
extra_5x5_30-7,30,5 wires,1.667293236,
extra_5x5_30-8,30,5 wires,0.464696628,
extra_5x5_30-9,30,5 wires,1.425369996,
extra_5x5_31-0,31,5 wires,4.372797619,
extra_5x5_31-1,31,5 wires,1.04836903,
extra_5x5_31-2,31,5 wires,0.541502696,
extra_5x5_31-3,31,5 wires,0.632120604,
extra_5x5_31-4,31,5 wires,0.697588006,
extra_5x5_31-5,31,5 wires,0.457978402,
extra_5x5_31-6,31,5 wires,3.510973927,
extra_5x5_31-7,31,5 wires,0.418962942,
extra_5x5_31-8,31,5 wires,2.853192952,
extra_5x5_31-9,31,5 wires,0.373054133,
extra_5x5_32-0,32,5 wires,3.9867451,
extra_5x5_32-1,32,5 wires,4.175913299,
extra_5x5_32-2,32,5 wires,1.100231555,
extra_5x5_32-3,32,5 wires,1.208001488,
extra_5x5_32-4,32,5 wires,1.480144314,
extra_5x5_32-5,32,5 wires,0.762992564,
extra_5x5_32-6,32,5 wires,0.973902919,
extra_5x5_32-7,32,5 wires,1.689938568,
extra_5x5_32-8,32,5 wires,1.950559876,
extra_5x5_32-9,32,5 wires,13.36580039,
extra_5x5_33-0,33,5 wires,4.523442158,
extra_5x5_33-1,33,5 wires,7.642173355,
extra_5x5_33-2,33,5 wires,10.59651703,
extra_5x5_33-3,33,5 wires,2.010348205,
extra_5x5_33-4,33,5 wires,0.634628281,
extra_5x5_33-5,33,5 wires,1.830194376,
extra_5x5_33-6,33,5 wires,3.288708849,
extra_5x5_33-7,33,5 wires,2.93757141,
extra_5x5_33-8,33,5 wires,2.104806761,
extra_5x5_33-9,33,5 wires,4.608684801,
extra_5x5_34-0,34,5 wires,5.28164688,
extra_5x5_34-1,34,5 wires,17.0023128,
extra_5x5_34-2,34,5 wires,7.749408633,
extra_5x5_34-3,34,5 wires,20.92459979,
extra_5x5_34-4,34,5 wires,1.310908853,
extra_5x5_34-5,34,5 wires,1.069915447,
extra_5x5_34-6,34,5 wires,0.44014275,
extra_5x5_34-7,34,5 wires,4.178075626,
extra_5x5_34-8,34,5 wires,9.418319981,
extra_5x5_34-9,34,5 wires,14.7149572,
extra_5x5_35-0,35,5 wires,5.759512059,
extra_5x5_35-1,35,5 wires,2.228168878,
extra_5x5_35-2,35,5 wires,1.840206187,
extra_5x5_35-3,35,5 wires,10.9126455,
extra_5x5_35-4,35,5 wires,32.76410323,
extra_5x5_35-5,35,5 wires,1.343250825,
extra_5x5_35-6,35,5 wires,12.0579536,
extra_5x5_35-7,35,5 wires,0.93417875,
extra_5x5_35-8,35,5 wires,2.680058505,
extra_5x5_35-9,35,5 wires,4.685211451,
extra_5x5_36-0,36,5 wires,1.145307593,
extra_5x5_36-1,36,5 wires,1.606373099,
extra_5x5_36-2,36,5 wires,13.06202371,
extra_5x5_36-3,36,5 wires,18.64798673,
extra_5x5_36-4,36,5 wires,6.534964604,
extra_5x5_36-5,36,5 wires,1.2820818,
extra_5x5_36-6,36,5 wires,3.516580361,
extra_5x5_36-7,36,5 wires,2.966778132,
extra_5x5_36-8,36,5 wires,11.0948227,
extra_5x5_36-9,36,5 wires,5.908157287,
extra_5x5_37-0,37,5 wires,54.86157348,
extra_5x5_37-1,37,5 wires,6.72053858,
extra_5x5_37-2,37,5 wires,1.791044903,
extra_5x5_37-3,37,5 wires,0.107131689,
extra_5x5_37-4,37,5 wires,47.50223061,
extra_5x5_37-5,37,5 wires,14.18578781,
extra_5x5_37-6,37,5 wires,21.57188586,
extra_5x5_37-7,37,5 wires,6.942692766,
extra_5x5_37-8,37,5 wires,10.11743206,
extra_5x5_37-9,37,5 wires,11.66615701,
extra_5x5_38-0,38,5 wires,15.02211429,
extra_5x5_38-1,38,5 wires,2.881630854,
extra_5x5_38-2,38,5 wires,23.16246375,
extra_5x5_38-3,38,5 wires,16.24324082,
extra_5x5_38-4,38,5 wires,5.835390792,
extra_5x5_38-5,38,5 wires,2.998413826,
extra_5x5_38-6,38,5 wires,1.964240264,
extra_5x5_38-7,38,5 wires,47.2428365,
extra_5x5_38-8,38,5 wires,4.323224341,
extra_5x5_38-9,38,5 wires,12.38509441,
extra_5x5_39-0,39,5 wires,7.307551129,
extra_5x5_39-1,39,5 wires,18.78761074,
extra_5x5_39-2,39,5 wires,21.53995305,
extra_5x5_39-3,39,5 wires,6.322794454,
extra_5x5_39-4,39,5 wires,1.377542135,
extra_5x5_39-5,39,5 wires,14.84989848,
extra_5x5_39-6,39,5 wires,5.164689273,
extra_5x5_39-7,39,5 wires,32.66569675,
extra_5x5_39-8,39,5 wires,2.58603982,
extra_5x5_39-9,39,5 wires,21.32967162,
extra_5x5_40-0,40,5 wires,20.69908052,
extra_5x5_40-1,40,5 wires,26.52435074,
extra_5x5_40-2,40,5 wires,6.186799455,
extra_5x5_40-3,40,5 wires,5.817084054,
extra_5x5_40-4,40,5 wires,8.016152615,
extra_5x5_40-5,40,5 wires,13.61578371,
extra_5x5_40-6,40,5 wires,53.46369395,
extra_5x5_40-7,40,5 wires,2.558692541,
extra_5x5_40-8,40,5 wires,23.71399159,
extra_5x5_40-9,40,5 wires,12.10879934,
extra_5x5_41-0,41,5 wires,44.95708512,
extra_5x5_41-1,41,5 wires,6.988053245,
extra_5x5_41-2,41,5 wires,5.492543109,
extra_5x5_41-3,41,5 wires,27.23549887,
extra_5x5_41-4,41,5 wires,17.16950908,
extra_5x5_41-5,41,5 wires,58.52477766,
extra_5x5_41-6,41,5 wires,17.48449001,
extra_5x5_41-7,41,5 wires,23.26106185,
extra_5x5_41-8,41,5 wires,31.29758234,
extra_5x5_41-9,41,5 wires,83.42898227,
extra_5x5_42-0,42,5 wires,56.59642224,
extra_5x5_42-1,42,5 wires,6.628551853,
extra_5x5_42-2,42,5 wires,35.82788475,
extra_5x5_42-3,42,5 wires,12.4653592,
extra_5x5_42-4,42,5 wires,44.92010802,
extra_5x5_42-5,42,5 wires,17.78682103,
extra_5x5_42-6,42,5 wires,33.70622273,
extra_5x5_42-7,42,5 wires,13.93892161,
extra_5x5_42-8,42,5 wires,14.96743688,
extra_5x5_42-9,42,5 wires,27.63132446,
extra_5x5_43-0,43,5 wires,19.92298975,
extra_5x5_43-1,43,5 wires,3.431180314,
extra_5x5_43-2,43,5 wires,94.02179972,
extra_5x5_43-3,43,5 wires,32.83394832,
extra_5x5_43-4,43,5 wires,7.85394713,
extra_5x5_43-5,43,5 wires,3.432445613,
extra_5x5_43-6,43,5 wires,45.75048552,
extra_5x5_43-7,43,5 wires,29.79551504,
extra_5x5_43-8,43,5 wires,51.47814162,
extra_5x5_43-9,43,5 wires,29.98778498,
extra_5x5_44-0,44,5 wires,49.66181294,
extra_5x5_44-1,44,5 wires,2.144917055,
extra_5x5_44-2,44,5 wires,80.49784747,
extra_5x5_44-3,44,5 wires,156.3308637,
extra_5x5_44-4,44,5 wires,314.756581,
extra_5x5_44-5,44,5 wires,66.20199621,
extra_5x5_44-6,44,5 wires,21.93296424,
extra_5x5_44-7,44,5 wires,24.24940349,
extra_5x5_44-8,44,5 wires,14.22166138,
extra_5x5_44-9,44,5 wires,28.49708833,
extra_5x5_45-0,45,5 wires,58.32764594,
extra_5x5_45-1,45,5 wires,10.34037731,
extra_5x5_45-2,45,5 wires,10.44800268,
extra_5x5_45-3,45,5 wires,22.53954269,
extra_5x5_45-4,45,5 wires,38.23240447,
extra_5x5_45-5,45,5 wires,24.44095296,
extra_5x5_45-6,45,5 wires,11.75139168,
extra_5x5_45-7,45,5 wires,74.455131,
extra_5x5_45-8,45,5 wires,37.26580032,
extra_5x5_45-9,45,5 wires,29.9120942,
extra_5x5_46-0,46,5 wires,25.78027033,
extra_5x5_46-1,46,5 wires,151.2952499,
extra_5x5_46-2,46,5 wires,284.3122351,
extra_5x5_46-3,46,5 wires,10.62177669,
extra_5x5_46-4,46,5 wires,41.09559779,
extra_5x5_46-5,46,5 wires,360.3481085,
extra_5x5_46-6,46,5 wires,42.96042233,
extra_5x5_46-7,46,5 wires,1.279113112,
extra_5x5_46-8,46,5 wires,5.699247203,
extra_5x5_46-9,46,5 wires,57.78354009,
extra_5x5_47-0,47,5 wires,10.08213458,
extra_5x5_47-1,47,5 wires,13.92618965,
extra_5x5_47-2,47,5 wires,19.26365551,
extra_5x5_47-3,47,5 wires,42.83537423,
extra_5x5_47-4,47,5 wires,10.53198386,
extra_5x5_47-5,47,5 wires,89.94990546,
extra_5x5_47-6,47,5 wires,20.87257221,
extra_5x5_47-7,47,5 wires,61.685579,
extra_5x5_47-8,47,5 wires,42.94591939,
extra_5x5_47-9,47,5 wires,23.06969339,
extra_5x5_48-0,48,5 wires,105.3373927,
extra_5x5_48-1,48,5 wires,96.98695381,
extra_5x5_48-2,48,5 wires,225.181432,
extra_5x5_48-3,48,5 wires,26.63844264,
extra_5x5_48-4,48,5 wires,169.6031637,
extra_5x5_48-5,48,5 wires,184.4159012,
extra_5x5_48-6,48,5 wires,4.625780209,
extra_5x5_48-7,48,5 wires,0.415455015,
extra_5x5_48-8,48,5 wires,61.2195442,
extra_5x5_48-9,48,5 wires,354.5732191,
extra_5x5_49-0,49,5 wires,45.58121289,
extra_5x5_49-1,49,5 wires,81.41494985,
extra_5x5_49-2,49,5 wires,76.94425059,
extra_5x5_49-3,49,5 wires,59.5263933,
extra_5x5_49-4,49,5 wires,32.18964964,
extra_5x5_49-5,49,5 wires,650.8566852,
extra_5x5_49-6,49,5 wires,258.824126,
extra_5x5_49-7,49,5 wires,136.9740803,
extra_5x5_49-8,49,5 wires,81.52114466,
extra_5x5_49-9,49,5 wires,372.5144203,
6x6_009,0,6 wires,0.0000277,0.114156739
6x6_002,1,6 wires,0.0000527,0.136752213
6x6_020,2,6 wires,0.000108438,0.170960066
6x6_016,3,6 wires,0.000152648,0.179099862
6x6_017,3,6 wires,0.0000997,0.193635098
6x6_021,3,6 wires,0.000148923,0.172079432
6x6_011,4,6 wires,0.000325181,0.240061315
6x6_014,4,6 wires,0.000224099,0.285101518
6x6_026,4,6 wires,0.000227272,0.264825553
6x6_037,4,6 wires,0.000329738,0.231665894
6x6_003,5,6 wires,0.000340248,0.213453341
6x6_008,5,6 wires,0.000540193,0.28165153
6x6_005,6,6 wires,0.001188892,0.241771977
6x6_010,6,6 wires,0.000381497,0.274981791
6x6_015,6,6 wires,0.000776415,0.267290656
6x6_022,6,6 wires,0.000733836,0.266214401
6x6_001,7,6 wires,0.000750951,0.259958708
6x6_019,7,6 wires,0.00186809,0.295529149
6x6_031,7,6 wires,0.001744228,0.281143398
6x6_036,7,6 wires,0.000733142,0.255870033
6x6_013,8,6 wires,0.00275916,0.318157913
6x6_024,8,6 wires,0.002103793,0.285139472
6x6_030,8,6 wires,0.001392934,0.280316203
6x6_032,8,6 wires,0.001045885,0.280373665
6x6_035,8,6 wires,0.001519176,0.297868429
6x6_038,8,6 wires,0.00165408,0.301843211
6x6_012,9,6 wires,0.003693741,0.301365208
6x6_025,9,6 wires,0.003174346,0.298997986
6x6_033,9,6 wires,0.003107768,0.3259157
6x6_004,10,6 wires,0.006320312,0.449506822
6x6_027,10,6 wires,0.007763665,0.32061127
6x6_034,10,6 wires,0.004853235,0.318993303
6x6_029,11,6 wires,0.012749078,0.350372549
6x6_007,12,6 wires,0.023406962,0.401168581
6x6_028,13,6 wires,0.039863348,0.475074383
6x6_018,14,6 wires,0.050521682,1.568500046
6x6_023,14,6 wires,0.06222473,0.862124777
6x6_006,15,6 wires,0.070741024,3.340382513
extra_6x6_15-0,15,6 wires,0.002142861,0.543097105
extra_6x6_15-1,15,6 wires,0.00447509,12.66364997
extra_6x6_15-2,15,6 wires,0.007391801,0.588764181
extra_6x6_15-3,15,6 wires,0.009809428,1.548635653
extra_6x6_15-4,15,6 wires,0.003930767,2.178743429
extra_6x6_15-5,15,6 wires,0.008170662,4.200309655
extra_6x6_16-0,16,6 wires,0.026299334,3.701223748
extra_6x6_16-1,16,6 wires,0.003777687,2.109524051
extra_6x6_16-2,16,6 wires,0.015347791,0.115429484
extra_6x6_16-3,16,6 wires,0.009162545,1.164418022
extra_6x6_16-4,16,6 wires,0.008872703,9.997619051
extra_6x6_16-5,16,6 wires,0.033448044,2.813037455
extra_6x6_17-0,17,6 wires,0.028335357,3.701223748
extra_6x6_17-1,17,6 wires,0.038246495,2.109524051
extra_6x6_17-2,17,6 wires,0.101841493,0.115429484
extra_6x6_17-3,17,6 wires,0.002694429,1.164418022
extra_6x6_17-4,17,6 wires,0.004058695,9.997619051
extra_6x6_17-5,17,6 wires,0.041556491,2.813037455
extra_6x6_18-0,18,6 wires,0.009838324,11.53128781
extra_6x6_18-1,18,6 wires,0.022008047,190.5811209
extra_6x6_18-2,18,6 wires,0.038414612,34.91015603
extra_6x6_18-3,18,6 wires,0.019775132,4.489375738
extra_6x6_18-4,18,6 wires,0.051263742,0.067532985
extra_6x6_18-5,18,6 wires,0.004893384,13.65269677
extra_6x6_19-0,19,6 wires,0.091263555,85.54603001
extra_6x6_19-1,19,6 wires,0.036971832,160.5279003
extra_6x6_19-2,19,6 wires,0.005386792,101.8268681
extra_6x6_19-3,19,6 wires,0.035822429,42.91675763
extra_6x6_19-4,19,6 wires,0.027461496,134.940585
extra_6x6_19-5,19,6 wires,0.013662791,161.6094814
extra_6x6_20-0,20,6 wires,0.021628198,218.8048255
extra_6x6_20-1,20,6 wires,0.050672797,326.8207548
extra_6x6_20-2,20,6 wires,0.110273303,3665.406157
extra_6x6_20-3,20,6 wires,0.017901,3.302868607
extra_6x6_20-4,20,6 wires,0.015494531,6.354802657
extra_6x6_20-5,20,6 wires,0.060891871,37.05110318
extra_6x6_20-6,20,6 wires,0.054234687,43.00350513
extra_6x6_20-7,20,6 wires,0.023120633,6.312546316
extra_6x6_20-8,20,6 wires,0.053706618,109.527448
extra_6x6_20-9,20,6 wires,0.037991028,74.89275954
extra_6x6_21-0,21,6 wires,0.048152436,3621.977954
extra_6x6_21-1,21,6 wires,0.253679496,1627.135032
extra_6x6_21-2,21,6 wires,0.148681061,112.7557972
extra_6x6_21-3,21,6 wires,0.274139859,36.82442541
extra_6x6_21-4,21,6 wires,0.091042249,40.81483526
extra_6x6_21-5,21,6 wires,0.06053626,843.5801801
extra_6x6_21-6,21,6 wires,0.03240839,226.6313144
extra_6x6_21-7,21,6 wires,0.076480211,3612.92046
extra_6x6_21-8,21,6 wires,0.0270534,15.5501509
extra_6x6_21-9,21,6 wires,0.01960833,5.754371701
extra_6x6_22-0,22,6 wires,0.197080925,2652.985867
extra_6x6_22-1,22,6 wires,0.04401144,4.11232092
extra_6x6_22-2,22,6 wires,0.034678221,2358.513689
extra_6x6_22-3,22,6 wires,0.208706344,3463.112043
extra_6x6_22-4,22,6 wires,0.115235535,996.7282278
extra_6x6_22-5,22,6 wires,0.110079788,1315.123737
extra_6x6_22-6,22,6 wires,0.350156708,522.9281614
extra_6x6_22-7,22,6 wires,0.039719559,3602.39229
extra_6x6_22-8,22,6 wires,0.258421732,111.9673202
extra_6x6_22-9,22,6 wires,0.060645611,3279.61177
extra_6x6_23-0,23,6 wires,0.615938557,3606.285973
extra_6x6_23-1,23,6 wires,0.464484674,128.6329904
extra_6x6_23-2,23,6 wires,0.332646887,2259.986236
extra_6x6_23-3,23,6 wires,0.092699213,793.9978396
extra_6x6_23-4,23,6 wires,0.374068378,
extra_6x6_23-5,23,6 wires,0.086830499,
extra_6x6_23-6,23,6 wires,0.294377322,
extra_6x6_23-7,23,6 wires,0.141628452,
extra_6x6_23-8,23,6 wires,0.066566048,
extra_6x6_23-9,23,6 wires,0.399079232,
extra_6x6_24-0,24,6 wires,0.22038462,
extra_6x6_24-1,24,6 wires,0.140525348,
extra_6x6_24-2,24,6 wires,0.129751062,
extra_6x6_24-3,24,6 wires,0.238676139,
extra_6x6_24-4,24,6 wires,2.064412488,
extra_6x6_24-5,24,6 wires,0.038151152,
extra_6x6_24-6,24,6 wires,0.263828873,
extra_6x6_24-7,24,6 wires,1.431366913,
extra_6x6_24-8,24,6 wires,0.162206756,
extra_6x6_24-9,24,6 wires,0.23362434,
extra_6x6_25-0,25,6 wires,0.236622087,
extra_6x6_25-1,25,6 wires,0.083836768,
extra_6x6_25-2,25,6 wires,0.228534923,
extra_6x6_25-3,25,6 wires,0.684784291,
extra_6x6_25-4,25,6 wires,0.670149432,
extra_6x6_25-5,25,6 wires,0.026957204,
extra_6x6_25-6,25,6 wires,0.822835074,
extra_6x6_25-7,25,6 wires,0.043636953,
extra_6x6_25-8,25,6 wires,1.307858273,
extra_6x6_25-9,25,6 wires,0.343825601,
extra_6x6_26-0,26,6 wires,0.181984329,
extra_6x6_26-1,26,6 wires,3.031553293,
extra_6x6_26-2,26,6 wires,0.036086815,
extra_6x6_26-3,26,6 wires,0.468290396,
extra_6x6_26-4,26,6 wires,0.656103301,
extra_6x6_26-5,26,6 wires,0.546050836,
extra_6x6_26-6,26,6 wires,0.817711898,
extra_6x6_26-7,26,6 wires,0.384954168,
extra_6x6_26-8,26,6 wires,1.26559205,
extra_6x6_26-9,26,6 wires,1.297572887,
extra_6x6_27-0,27,6 wires,0.056733293,
extra_6x6_27-1,27,6 wires,0.583826657,
extra_6x6_27-2,27,6 wires,0.712330436,
extra_6x6_27-3,27,6 wires,6.464851125,
extra_6x6_27-4,27,6 wires,2.161638933,
extra_6x6_27-5,27,6 wires,1.410025989,
extra_6x6_27-6,27,6 wires,1.02882351,
extra_6x6_27-7,27,6 wires,0.667182839,
extra_6x6_27-8,27,6 wires,0.905408704,
extra_6x6_27-9,27,6 wires,5.332655923,
extra_6x6_28-0,28,6 wires,0.316870547,
extra_6x6_28-1,28,6 wires,0.406842941,
extra_6x6_28-2,28,6 wires,0.173009594,
extra_6x6_28-3,28,6 wires,1.084607924,
extra_6x6_28-4,28,6 wires,0.752889531,
extra_6x6_28-5,28,6 wires,0.565572959,
extra_6x6_28-6,28,6 wires,0.018574777,
extra_6x6_28-7,28,6 wires,1.773341249,
extra_6x6_28-8,28,6 wires,2.093636769,
extra_6x6_28-9,28,6 wires,1.53523965,
extra_6x6_29-0,29,6 wires,5.913637585,
extra_6x6_29-1,29,6 wires,4.776688511,
extra_6x6_29-2,29,6 wires,0.256476159,
extra_6x6_29-3,29,6 wires,0.801218402,
extra_6x6_29-4,29,6 wires,1.163125247,
extra_6x6_29-5,29,6 wires,13.41633752,
extra_6x6_29-6,29,6 wires,4.191154374,
extra_6x6_29-7,29,6 wires,20.87828326,
extra_6x6_29-8,29,6 wires,4.447566114,
extra_6x6_29-9,29,6 wires,3.669009562,
extra_6x6_30-0,30,6 wires,1.530241873,
extra_6x6_30-1,30,6 wires,0.269744398,
extra_6x6_30-2,30,6 wires,4.069995184,
extra_6x6_30-3,30,6 wires,7.186527692,
extra_6x6_30-4,30,6 wires,2.465812636,
extra_6x6_30-5,30,6 wires,3.950022337,
extra_6x6_30-6,30,6 wires,7.620510281,
extra_6x6_30-7,30,6 wires,0.870381649,
extra_6x6_30-8,30,6 wires,2.839328848,
extra_6x6_30-9,30,6 wires,1.993263935,
extra_6x6_31-0,31,6 wires,4.534915813,
extra_6x6_31-1,31,6 wires,0.50757304,
extra_6x6_31-2,31,6 wires,13.03840565,
extra_6x6_31-3,31,6 wires,29.84371434,
extra_6x6_31-4,31,6 wires,5.439510201,
extra_6x6_31-5,31,6 wires,21.47325152,
extra_6x6_31-6,31,6 wires,10.19298906,
extra_6x6_31-7,31,6 wires,60.46284615,
extra_6x6_31-8,31,6 wires,0.496351516,
extra_6x6_31-9,31,6 wires,9.139321015,
extra_6x6_32-0,32,6 wires,7.98242758,
extra_6x6_32-1,32,6 wires,9.346663249,
extra_6x6_32-2,32,6 wires,16.99922958,
extra_6x6_32-3,32,6 wires,9.583125693,
extra_6x6_32-4,32,6 wires,12.08809278,
extra_6x6_32-5,32,6 wires,21.57808333,
extra_6x6_32-6,32,6 wires,4.400599763,
extra_6x6_32-7,32,6 wires,0.80207584,
extra_6x6_32-8,32,6 wires,5.241092712,
extra_6x6_32-9,32,6 wires,4.536725306,
extra_6x6_33-0,33,6 wires,19.83120271,
extra_6x6_33-1,33,6 wires,46.68289633,
extra_6x6_33-2,33,6 wires,5.456509465,
extra_6x6_33-3,33,6 wires,16.12340234,
extra_6x6_33-4,33,6 wires,3.019508583,
extra_6x6_33-5,33,6 wires,18.48216906,
extra_6x6_33-6,33,6 wires,14.84359048,
extra_6x6_33-7,33,6 wires,9.816076464,
extra_6x6_33-8,33,6 wires,5.289383872,
extra_6x6_33-9,33,6 wires,20.0597075,
extra_6x6_34-0,34,6 wires,55.13755213,
extra_6x6_34-1,34,6 wires,7.340281067,
extra_6x6_34-2,34,6 wires,10.16909157,
extra_6x6_34-3,34,6 wires,59.18034668,
extra_6x6_34-4,34,6 wires,10.95993829,
extra_6x6_34-5,34,6 wires,2.393433213,
extra_6x6_34-6,34,6 wires,14.99652113,
extra_6x6_34-7,34,6 wires,17.97455989,
extra_6x6_34-8,34,6 wires,8.540155821,
extra_6x6_34-9,34,6 wires,26.728891,
extra_6x6_35-0,35,6 wires,83.265743,
extra_6x6_35-1,35,6 wires,59.97810421,
extra_6x6_35-2,35,6 wires,39.40411736,
extra_6x6_35-3,35,6 wires,307.0688347,
extra_6x6_35-4,35,6 wires,66.16040699,
extra_6x6_35-5,35,6 wires,14.72788062,
extra_6x6_35-6,35,6 wires,15.88609618,
extra_6x6_35-7,35,6 wires,18.6639779,
extra_6x6_35-8,35,6 wires,4.355693724,
extra_6x6_35-9,35,6 wires,7.520890369,
extra_6x6_36-0,36,6 wires,36.58586464,
extra_6x6_36-1,36,6 wires,38.72791737,
extra_6x6_36-2,36,6 wires,6.633795338,
extra_6x6_36-3,36,6 wires,92.08254386,
extra_6x6_36-4,36,6 wires,10.31857826,
extra_6x6_36-5,36,6 wires,16.72861231,
extra_6x6_36-6,36,6 wires,12.71886832,
extra_6x6_36-7,36,6 wires,168.6815282,
extra_6x6_36-8,36,6 wires,5.464607276,
extra_6x6_36-9,36,6 wires,249.3390617,
extra_6x6_37-0,37,6 wires,47.44272955,
extra_6x6_37-1,37,6 wires,311.4431228,
extra_6x6_37-2,37,6 wires,57.50162926,
extra_6x6_37-3,37,6 wires,195.7716454,
extra_6x6_37-4,37,6 wires,121.7866484,
extra_6x6_37-5,37,6 wires,5.755913476,
extra_6x6_37-6,37,6 wires,15.16311808,
extra_6x6_37-7,37,6 wires,363.4289242,
extra_6x6_37-8,37,6 wires,57.92212242,
extra_6x6_37-9,37,6 wires,31.29507609,
extra_6x6_38-0,38,6 wires,110.9710586,
extra_6x6_38-1,38,6 wires,16.38447604,
extra_6x6_38-2,38,6 wires,930.3703974,
extra_6x6_38-3,38,6 wires,138.9618325,
extra_6x6_38-4,38,6 wires,33.63709357,
extra_6x6_38-5,38,6 wires,80.39038207,
extra_6x6_38-6,38,6 wires,419.0587708,
extra_6x6_38-7,38,6 wires,211.1236835,
extra_6x6_38-8,38,6 wires,239.7238032,
extra_6x6_38-9,38,6 wires,63.39299573,
extra_6x6_39-0,39,6 wires,522.8211816,
extra_6x6_39-1,39,6 wires,243.2554205,
extra_6x6_39-2,39,6 wires,415.9390919,
extra_6x6_39-3,39,6 wires,58.0502897,
extra_6x6_39-4,39,6 wires,195.1611832,
extra_6x6_39-5,39,6 wires,91.99208376,
extra_6x6_39-6,39,6 wires,501.8832779,
extra_6x6_39-7,39,6 wires,289.444206,
extra_6x6_39-8,39,6 wires,155.7306571,
extra_6x6_39-9,39,6 wires,173.8966865,
extra_6x6_40-0,40,6 wires,124.2570296,
extra_6x6_40-1,40,6 wires,760.0241221,
extra_6x6_40-2,40,6 wires,397.224878,
extra_6x6_40-3,40,6 wires,41.02134372,
extra_6x6_40-4,40,6 wires,1208.789876,
extra_6x6_40-5,40,6 wires,174.0198972,
extra_6x6_40-6,40,6 wires,768.33463,
extra_6x6_40-7,40,6 wires,141.8845302,
extra_6x6_40-8,40,6 wires,64.26179781,
extra_6x6_40-9,40,6 wires,239.7269339,
extra_6x6_41-0,41,6 wires,1721.571908,
extra_6x6_41-1,41,6 wires,652.3566247,
extra_6x6_41-2,41,6 wires,999.9060199,
extra_6x6_41-3,41,6 wires,585.2175043,
extra_6x6_41-4,41,6 wires,101.2258908,
extra_6x6_41-5,41,6 wires,1562.312936,
extra_6x6_41-6,41,6 wires,3950.85934,
extra_6x6_41-7,41,6 wires,129.98187,
extra_6x6_41-8,41,6 wires,279.3690994,
extra_6x6_41-9,41,6 wires,1087.258482,
extra_6x6_42-0,42,6 wires,571.9857175,
extra_6x6_42-1,42,6 wires,219.8620261,
extra_6x6_42-2,42,6 wires,64.32510378,
extra_6x6_42-3,42,6 wires,271.4095906,
extra_6x6_42-4,42,6 wires,775.5889119,
extra_6x6_42-5,42,6 wires,1346.70904,
extra_6x6_42-6,42,6 wires,1928.333184,
extra_6x6_42-7,42,6 wires,606.8624586,
extra_6x6_42-8,42,6 wires,208.2091382,
extra_6x6_42-9,42,6 wires,1330.873306,
extra_6x6_43-0,43,6 wires,100.456927,
extra_6x6_43-1,43,6 wires,1236.571592,
extra_6x6_43-2,43,6 wires,4245.196496,
extra_6x6_43-3,43,6 wires,1570.79991,
extra_6x6_43-4,43,6 wires,2943.649289,
7x7_010,0,7 wires,0.000999689,5.327336561
7x7_076,1,7 wires,0.0000851,0.151610445
7x7_053,2,7 wires,0.00058343,0.212592173
7x7_002,3,7 wires,0.000278263,0.201700881
7x7_043,3,7 wires,0.000253675,0.225588574
7x7_074,3,7 wires,0.00023795,0.212294245
7x7_086,3,7 wires,0.000199157,0.214642216
7x7_025,4,7 wires,0.000286007,0.230885885
7x7_029,4,7 wires,0.000383426,0.237035329
7x7_041,4,7 wires,0.000448059,0.204242436
7x7_063,4,7 wires,0.000384295,0.249683983
7x7_066,4,7 wires,0.000260144,0.304560348
7x7_047,5,7 wires,0.003068493,0.272575249
7x7_077,5,7 wires,0.000838405,0.275426786
7x7_097,5,7 wires,0.001025395,0.274261182
7x7_003,6,7 wires,0.000866915,0.273917398
7x7_015,6,7 wires,0.001483118,0.27094661
7x7_023,6,7 wires,0.000890056,0.266319258
7x7_037,6,7 wires,0.001309251,0.269197316
7x7_070,6,7 wires,0.000865795,0.269028026
7x7_004,7,7 wires,0.000729652,0.292433583
7x7_007,7,7 wires,0.002201312,0.32263051
7x7_008,7,7 wires,0.00079613,0.290563196
7x7_031,7,7 wires,0.001048122,0.305460791
7x7_090,7,7 wires,0.002171773,0.303569792
7x7_093,7,7 wires,0.000838395,0.273782904
7x7_102,7,7 wires,0.001151351,0.285346278
7x7_106,7,7 wires,0.001509866,0.296980286
7x7_107,7,7 wires,0.002038632,0.333135403
7x7_027,8,7 wires,0.001682677,0.308079783
7x7_028,8,7 wires,0.003468676,0.317490361
7x7_035,8,7 wires,0.001963085,0.296756363
7x7_036,8,7 wires,0.001897442,0.324108061
7x7_065,8,7 wires,0.002205808,0.317882225
7x7_069,8,7 wires,0.001823662,0.329326013
7x7_100,8,7 wires,0.003198137,0.359789315
7x7_108,8,7 wires,0.001952063,0.319424446
7x7_110,8,7 wires,0.0027974,0.320517821
7x7_022,9,7 wires,0.00247392,0.392755279
7x7_033,9,7 wires,0.002431519,0.356591738
7x7_062,9,7 wires,0.002537901,0.349560564
7x7_068,9,7 wires,0.004689639,0.375595809
7x7_078,9,7 wires,0.008096956,0.341525985
7x7_081,9,7 wires,0.0064943,0.3390905
7x7_098,9,7 wires,0.001755144,0.320229541
7x7_115,9,7 wires,0.00662903,0.382578152
7x7_020,10,7 wires,0.003845477,0.416120136
7x7_059,10,7 wires,0.006781659,0.38986857
7x7_072,10,7 wires,0.004740681,0.341959393
7x7_085,10,7 wires,0.013317304,0.368975243
7x7_111,10,7 wires,0.008281088,0.356862381
7x7_113,10,7 wires,0.004625019,0.345946526
7x7_005,11,7 wires,0.021940199,0.448734423
7x7_058,11,7 wires,0.005987019,0.368775007
7x7_092,11,7 wires,0.010169287,0.362877129
7x7_095,11,7 wires,0.006387298,0.341511473
7x7_021,12,7 wires,0.03040419,1.552324484
7x7_024,12,7 wires,0.023876541,10.664778
7x7_032,12,7 wires,0.015741619,0.374131406
7x7_044,12,7 wires,0.016673834,0.375438568
7x7_048,12,7 wires,0.025654182,0.449961652
7x7_056,12,7 wires,0.01311853,0.445957011
7x7_057,12,7 wires,0.016053166,0.403501858
7x7_071,12,7 wires,0.032190993,0.547113499
7x7_073,12,7 wires,0.036477721,0.5897504
7x7_075,12,7 wires,0.016944766,0.375121413
7x7_082,12,7 wires,0.023824405,0.452420966
7x7_012,13,7 wires,0.029596599,0.440176406
7x7_016,13,7 wires,0.040808212,0.484070177
7x7_019,13,7 wires,0.027071773,0.549497919
7x7_042,13,7 wires,0.043205347,0.577728787
7x7_054,13,7 wires,0.047979158,2.792493259
7x7_055,13,7 wires,0.042308733,15.41716027
7x7_064,13,7 wires,0.029571187,0.449867904
7x7_083,13,7 wires,0.052235773,0.716534443
7x7_001,14,7 wires,0.051091946,0.986785748
7x7_013,14,7 wires,0.079587371,0.67023985
7x7_039,14,7 wires,0.089069342,0.7371735
7x7_040,14,7 wires,0.060752419,0.564633442
7x7_060,14,7 wires,0.094588024,0.55142227
7x7_067,14,7 wires,0.089268208,0.619252721
7x7_079,14,7 wires,0.050629413,0.611187369
7x7_089,14,7 wires,0.045515709,18.53657873
7x7_091,14,7 wires,0.073469446,2.634519878
7x7_099,14,7 wires,0.090201729,0.530412919
7x7_101,14,7 wires,0.102516009,0.754385368
7x7_105,14,7 wires,0.089275433,3.847279006
7x7_116,14,7 wires,0.06700435,12.43531705
7x7_006,15,7 wires,0.109635934,9.404069416
7x7_014,15,7 wires,0.155038287,2.292951692
7x7_030,15,7 wires,0.29707889,2.582483044
7x7_038,15,7 wires,0.233926374,1.627797127
7x7_087,15,7 wires,0.09795892,0.96292848
7x7_088,15,7 wires,0.130983036,3.715505723
7x7_034,16,7 wires,0.136379531,6.113042799
7x7_049,16,7 wires,0.398636907,1.312269075
7x7_084,16,7 wires,0.553493416,0.780403315
7x7_011,17,7 wires,0.643193865,6.333434302
7x7_052,17,7 wires,0.915448772,2.527725942
7x7_096,17,7 wires,1.116456222,2.795148107
7x7_104,17,7 wires,0.79105904,1.593062872
7x7_009,18,7 wires,1.348041174,3.023794359
7x7_018,18,7 wires,1.902587937,15.37684521
7x7_051,18,7 wires,2.330661768,2.836156011
7x7_080,19,7 wires,2.349821297,97.66362219
7x7_109,19,7 wires,4.009013668,5.773110619
7x7_017,19,7 wires,0.726944577,581.3058455
7x7_026,19,7 wires,1.91384683,16.38150158
7x7_046,20,7 wires,5.065244023,145.3224549
7x7_114,21,7 wires,8.381600674,242.335576
extra_7x7_22-0,22,7 wires,0.086967484,1.261275013
extra_7x7_22-1,22,7 wires,0.32372965,3605.02542
extra_7x7_22-2,22,7 wires,4.446119929,636.8247263
extra_7x7_22-3,22,7 wires,0.053450248,202.0475923
extra_7x7_22-4,22,7 wires,0.129201135,3603.529313
extra_7x7_22-5,22,7 wires,0.430493916,3636.546426
extra_7x7_22-6,22,7 wires,0.563631052,103.696094
extra_7x7_22-7,22,7 wires,0.500507362,3605.199176
extra_7x7_22-8,22,7 wires,0.083127377,3601.869793
extra_7x7_22-9,22,7 wires,0.985066868,3613.134518
extra_7x7_23-0,23,7 wires,0.136735827,232.3239254
extra_7x7_23-1,23,7 wires,0.201183543,3622.655019
extra_7x7_23-2,23,7 wires,0.711329562,3619.260268
extra_7x7_23-3,23,7 wires,0.137711107,3165.244573
extra_7x7_23-4,23,7 wires,0.113109617,6.036816015
extra_7x7_23-5,23,7 wires,2.838191785,2237.059935
extra_7x7_23-6,23,7 wires,1.998426977,1031.900576
extra_7x7_23-7,23,7 wires,1.215057651,1666.81282
extra_7x7_23-8,23,7 wires,0.366891384,
extra_7x7_23-9,23,7 wires,0.310768621,
extra_7x7_24-0,24,7 wires,1.38823148,
extra_7x7_24-1,24,7 wires,0.995847967,
extra_7x7_24-2,24,7 wires,3.479819136,
extra_7x7_24-3,24,7 wires,1.623988516,
extra_7x7_24-4,24,7 wires,0.764651758,
extra_7x7_24-5,24,7 wires,1.304524636,
extra_7x7_24-6,24,7 wires,0.447639103,
extra_7x7_24-7,24,7 wires,0.815657336,
extra_7x7_24-8,24,7 wires,1.657686396,
extra_7x7_24-9,24,7 wires,0.71612874,
extra_7x7_25-0,25,7 wires,0.524286755,
extra_7x7_25-1,25,7 wires,2.079637183,
extra_7x7_25-2,25,7 wires,1.656069856,
extra_7x7_25-3,25,7 wires,0.925129816,
extra_7x7_25-4,25,7 wires,1.275674818,
extra_7x7_25-5,25,7 wires,1.28481898,
extra_7x7_25-6,25,7 wires,0.800460123,
extra_7x7_25-7,25,7 wires,0.331862788,
extra_7x7_25-8,25,7 wires,0.925632372,
extra_7x7_25-9,25,7 wires,1.014494143,
extra_7x7_26-0,26,7 wires,2.890539362,
extra_7x7_26-1,26,7 wires,1.032517246,
extra_7x7_26-2,26,7 wires,2.220368522,
extra_7x7_26-3,26,7 wires,1.870537778,
extra_7x7_26-4,26,7 wires,1.636107767,
extra_7x7_26-5,26,7 wires,6.204907047,
extra_7x7_26-6,26,7 wires,10.97599984,
extra_7x7_26-7,26,7 wires,1.161013266,
extra_7x7_26-8,26,7 wires,0.678715049,
extra_7x7_26-9,26,7 wires,0.550418807,
extra_7x7_27-0,27,7 wires,3.30842036,
extra_7x7_27-1,27,7 wires,7.905988837,
extra_7x7_27-2,27,7 wires,0.820662382,
extra_7x7_27-3,27,7 wires,3.699695621,
extra_7x7_27-4,27,7 wires,4.951629318,
extra_7x7_27-5,27,7 wires,6.40288221,
extra_7x7_27-6,27,7 wires,3.016035416,
extra_7x7_27-7,27,7 wires,20.77187592,
extra_7x7_27-8,27,7 wires,11.91348552,
extra_7x7_27-9,27,7 wires,0.987398298,
extra_7x7_28-0,28,7 wires,7.605538039,
extra_7x7_28-1,28,7 wires,36.5170713,
extra_7x7_28-2,28,7 wires,2.245306758,
extra_7x7_28-3,28,7 wires,11.81090603,
extra_7x7_28-4,28,7 wires,2.070773284,
extra_7x7_28-5,28,7 wires,0.91281115,
extra_7x7_28-6,28,7 wires,23.41128688,
extra_7x7_28-7,28,7 wires,6.790852283,
extra_7x7_28-8,28,7 wires,3.006766329,
extra_7x7_28-9,28,7 wires,5.331759169,
extra_7x7_29-0,29,7 wires,12.35001536,
extra_7x7_29-1,29,7 wires,2.3897941,
extra_7x7_29-2,29,7 wires,2.917160898,
extra_7x7_29-3,29,7 wires,75.16072195,
extra_7x7_29-4,29,7 wires,30.19120022,
extra_7x7_29-5,29,7 wires,19.58715787,
extra_7x7_29-6,29,7 wires,45.45641818,
extra_7x7_29-7,29,7 wires,26.1030441,
extra_7x7_29-8,29,7 wires,55.47578198,
extra_7x7_29-9,29,7 wires,21.14337997,
extra_7x7_30-0,30,7 wires,9.858262201,
extra_7x7_30-1,30,7 wires,3.631738388,
extra_7x7_30-2,30,7 wires,3.568181861,
extra_7x7_30-3,30,7 wires,39.0993662,
extra_7x7_30-4,30,7 wires,1.497973198,
extra_7x7_30-5,30,7 wires,0.088716111,
extra_7x7_30-6,30,7 wires,0.07598115,
extra_7x7_30-7,30,7 wires,0.862464216,
extra_7x7_30-8,30,7 wires,1.150973708,
extra_7x7_30-9,30,7 wires,2.662052653,
extra_7x7_31-0,31,7 wires,2.327066772,
extra_7x7_31-1,31,7 wires,8.949023565,
extra_7x7_31-2,31,7 wires,1.876514272,
extra_7x7_31-3,31,7 wires,4.996951282,
extra_7x7_31-4,31,7 wires,3.72517756,
extra_7x7_31-5,31,7 wires,42.45547656,
extra_7x7_31-6,31,7 wires,25.98614044,
extra_7x7_31-7,31,7 wires,7.356590284,
extra_7x7_31-8,31,7 wires,1.092856506,
extra_7x7_31-9,31,7 wires,0.438477453,
extra_7x7_32-0,32,7 wires,4.918927584,
extra_7x7_32-1,32,7 wires,22.0200897,
extra_7x7_32-2,32,7 wires,15.36047752,
extra_7x7_32-3,32,7 wires,4.430153784,
extra_7x7_32-4,32,7 wires,5.326602418,
extra_7x7_32-5,32,7 wires,42.67843429,
extra_7x7_32-6,32,7 wires,4.686534942,
extra_7x7_32-7,32,7 wires,5.75203156,
extra_7x7_32-8,32,7 wires,5.829663541,
extra_7x7_32-9,32,7 wires,96.93004421,
extra_7x7_33-0,33,7 wires,2.227140046,
extra_7x7_33-1,33,7 wires,46.98946429,
extra_7x7_33-2,33,7 wires,0.917811651,
extra_7x7_33-3,33,7 wires,0.129651955,
extra_7x7_33-4,33,7 wires,31.55190324,
extra_7x7_33-5,33,7 wires,3.416143977,
extra_7x7_33-6,33,7 wires,11.67207064,
extra_7x7_33-7,33,7 wires,53.5800256,
extra_7x7_33-8,33,7 wires,10.57885265,
extra_7x7_33-9,33,7 wires,68.45468475,
extra_7x7_34-0,34,7 wires,23.68581427,
extra_7x7_34-1,34,7 wires,20.05187063,
extra_7x7_34-2,34,7 wires,15.63182098,
extra_7x7_34-3,34,7 wires,44.89464732,
extra_7x7_34-4,34,7 wires,10.53456265,
extra_7x7_34-5,34,7 wires,51.6349755,
extra_7x7_34-6,34,7 wires,2.424309471,
extra_7x7_34-7,34,7 wires,2.323663094,
extra_7x7_34-8,34,7 wires,57.42592404,
extra_7x7_34-9,34,7 wires,19.63331474,
extra_7x7_35-0,35,7 wires,113.7614216,
extra_7x7_35-1,35,7 wires,146.0896751,
extra_7x7_35-2,35,7 wires,103.136129,
extra_7x7_35-3,35,7 wires,1.904684567,
extra_7x7_35-4,35,7 wires,31.19151313,
extra_7x7_35-5,35,7 wires,235.3435953,
extra_7x7_35-6,35,7 wires,30.21058167,
extra_7x7_35-7,35,7 wires,2.54623565,
extra_7x7_35-8,35,7 wires,8.968292593,
extra_7x7_35-9,35,7 wires,47.1526721,
extra_7x7_36-0,36,7 wires,1237.187002,
extra_7x7_36-1,36,7 wires,9.450219315,
extra_7x7_36-2,36,7 wires,65.19762515,
extra_7x7_36-3,36,7 wires,23.90406781,
extra_7x7_36-4,36,7 wires,81.48361566,
extra_7x7_36-5,36,7 wires,94.67938851,
extra_7x7_36-6,36,7 wires,88.43758297,
extra_7x7_36-7,36,7 wires,24.46744935,
extra_7x7_36-8,36,7 wires,25.47355664,
extra_7x7_36-9,36,7 wires,474.4055739,
extra_7x7_37-0,37,7 wires,39.72111427,
extra_7x7_37-1,37,7 wires,84.49281023,
extra_7x7_37-2,37,7 wires,351.2403021,
extra_7x7_37-3,37,7 wires,169.2805834,
extra_7x7_37-4,37,7 wires,85.59644187,
extra_7x7_37-5,37,7 wires,868.4630612,
extra_7x7_37-6,37,7 wires,265.883643,
extra_7x7_37-7,37,7 wires,415.794037,
extra_7x7_37-8,37,7 wires,25.95494262,
extra_7x7_37-9,37,7 wires,105.519736,
extra_7x7_38-0,38,7 wires,517.1332644,
extra_7x7_38-1,38,7 wires,489.777881,
extra_7x7_38-2,38,7 wires,273.8492757,
extra_7x7_38-3,38,7 wires,45.87912679,
extra_7x7_38-4,38,7 wires,132.5865857,
extra_7x7_38-5,38,7 wires,1.986114066,
extra_7x7_38-6,38,7 wires,200.5076349,
extra_7x7_38-7,38,7 wires,14.68420218,
extra_7x7_38-8,38,7 wires,175.8486978,
extra_7x7_38-9,38,7 wires,21.44585922,
extra_7x7_39-0,39,7 wires,46.82363647,
extra_7x7_39-1,39,7 wires,296.3997683,
extra_7x7_39-2,39,7 wires,27.56203236,
extra_7x7_39-3,39,7 wires,39.83568596,
extra_7x7_39-4,39,7 wires,2115.079173,
extra_7x7_39-5,39,7 wires,241.2585547,
extra_7x7_39-6,39,7 wires,834.112623,
extra_7x7_39-7,39,7 wires,129.6016816,
extra_7x7_39-8,39,7 wires,59.37776574,
extra_7x7_39-9,39,7 wires,55.11563084,
extra_7x7_40-0,40,7 wires,225.9601574,
extra_7x7_40-1,40,7 wires,1096.87585,
extra_7x7_40-2,40,7 wires,18.45965805,
extra_7x7_40-3,40,7 wires,216.4213374,
extra_7x7_40-4,40,7 wires,1572.833408,
extra_7x7_40-5,40,7 wires,38.03118413,
extra_7x7_40-6,40,7 wires,127.0018567,
extra_7x7_40-7,40,7 wires,1716.499473,
extra_7x7_40-8,40,7 wires,809.2380696,
extra_7x7_40-9,40,7 wires,847.8342662,
extra_7x7_41-0,41,7 wires,527.4118526,
extra_7x7_41-1,41,7 wires,93.25397924,
extra_7x7_41-2,41,7 wires,104.4315502,
extra_7x7_41-3,41,7 wires,27.35025681,
extra_7x7_41-4,41,7 wires,405.7648705,
extra_7x7_41-5,41,7 wires,140.4183025,
extra_7x7_41-6,41,7 wires,627.8742051,
extra_7x7_41-7,41,7 wires,231.1677645,
extra_7x7_41-8,41,7 wires,135.6165301,
extra_7x7_41-9,41,7 wires,28.07881559,
extra_7x7_42-0,41,7 wires,1341.789077,
extra_7x7_42-1,42,7 wires,485.2700291,
extra_7x7_42-2,42,7 wires,824.7814766,
extra_7x7_42-3,42,7 wires,224.5770273,
extra_7x7_42-4,42,7 wires,1598.9338128,
extra_7x7_42-5,42,7 wires,112.6861227,
extra_7x7_42-6,42,7 wires,890.7998436,
extra_7x7_42-7,42,7 wires,139.8016764,
extra_7x7_42-8,42,7 wires,428.2725354,
extra_7x7_43-0,43,7 wires,218.4427095,
extra_7x7_43-1,43,7 wires,1552.2552845,
extra_7x7_43-2,43,7 wires,451.4343961,
extra_7x7_43-3,43,7 wires,1819.7819519,
extra_7x7_43-4,43,7 wires,1793.2044193,
extra_7x7_43-5,43,7 wires,189.3544275,
extra_7x7_43-6,43,7 wires,703.0650895,
extra_7x7_43-7,43,7 wires,507.0421336,
extra_7x7_43-8,43,7 wires,385.3962990,
extra_7x7_44-0,44,7 wires,1475.3760589,
extra_7x7_44-1,44,7 wires,496.7365958,
extra_7x7_44-2,44,7 wires,704.6588754,
extra_7x7_44-3,44,7 wires,263.5364337,
extra_7x7_44-4,44,7 wires,1275.8428612,